id,bid,user_id,用户昵称,微博正文,头条文章url,发布位置,艾特用户,话题,转发数,评论数,点赞数,发布时间,发布工具,微博图片url,微博视频url,retweet_id
4769500999714582,1404531484,朱耀忠_JAPAN,"今天日本全国#新冠肺炎#新增感染者→【35,008人】（死亡25人）",,,,新冠肺炎,0,0,1,2022-- ,,['https://wx1.sinaimg.cn/large/53b7731cgy1h29ep71l9pj20xa2x8e7t.jpg'],,
4769487028752870,1809108324,大包整多笼,"截至14/5/2022晚，马来西亚新增2,373宗，全马累计确诊病例达4,475,873宗。信息来源：马来西亚360方位#新冠肺炎##海外疫情##马来西亚疫情#",,,,"新冠肺炎,海外疫情,马来西亚疫情",0,0,2,2022-- ,,"['https://wx4.sinaimg.cn/large/6bd4cd64gy1h29d27oolfj20u011i7c9.jpg', 'https://wx4.sinaimg.cn/large/6bd4cd64gy1h29d2bbublj20u00u00zo.jpg']",,
4769485599543864,7052097416,人民网青海频道,直播|西宁市新冠肺炎疫情防控处置工作指挥部新闻发布会#新冠肺炎#人民网青海频道的微博直播人民网青海频道的直播间,,,,新冠肺炎,0,0,2,2022-- ,,,,
4769485409752299,1403418835,李青大夫,【主动感染新冠会怎么样？34人挑战试验结果发布】去年初，英国开展了一项“疯狂”的研究，选择了34名18～29岁的健康志愿者，没有得过新冠也没有打过疫苗，然后让他们通过鼻腔接触原始新冠病毒。最终，共有18人确诊感染了新冠，占比达到53%。其中，89%的感染者出现了症状，都是轻中度的上呼吸道症状，没有出现肺部症状，没有重症，没有死亡。症状出现时间在检测到病毒感染后2～4天，而且病毒载量与症状严重程度没有相关性。在这些确诊者中，咽拭子最早40小时核酸阳性，鼻拭子最早58小时核酸阳性；咽拭子4.7天病毒载量达到峰值，鼻拭子6.2天达到峰值。此外，快速抗原检测（试剂盒）的检测结果与核酸检测结果基本一致，说明抗原检测也可以用来诊断，并决定是否解除隔离。接触感染后4周已经没有传染性了，但还有33%的人咽拭子核酸阳性。该研究今年2月初由《自然》杂志在线发表。从这项研究，对新冠肺炎的严重程度、传染性和病程等，我们能有一个大致的了解。#新冠肺,,,,新冠肺炎,42,60,158,2022-- ,,['https://wx3.sinaimg.cn/large/53a678d3ly1h29cxxtb3ej20qv0ijdoq.jpg'],,
4769475452209860,7148261081,我是谭皓天,奥密克戎后遗症，调查出炉#热点##新冠肺炎#奥密克戎#L我是谭皓天的微博视频,,上海,,"热点,新冠肺炎 ",5,1,4,2022-- ,,,,
4769452678449761,5029785899,八九点钟的月亮wk69,新增死亡15例国家级医生给出建议：足够休息大量饮水#新冠肺炎#疫情防控##快手#@快手L看看新闻Knews的快手视频,,,快手,新冠肺炎 ,2,1,7,2022-- ,,,,
4769437187836189,1930190715,岑开源,#新冠肺炎#新冠特效药Molnupiravir(莫努匹韦),,,,新冠肺炎,0,9,0,2022-- ,,['https://wx4.sinaimg.cn/large/730c5f7bgy1h297e9mee0j20u01400w3.jpg'],,
4769430829011034,1404531484,朱耀忠_JAPAN,"#日本疫情#今天感染人数【东京:3348】今天5月15日，星期天。东京都的#新冠肺炎#新增感染人数为【3,348】（其中占最多的是20代的755人），重症者4人、死亡7人。PCR检测参考值为3天间的平均数【12,008.3件/天】(5/11-5/13平均值、截止5/14的数值)。东京都感染者的截今累计人数为【1,491,783】L朱耀忠_JAPAN的微博",,,,"日本疫情,新冠肺炎",1,1,4,2022-- ,,,,
4769430480882930,6185411467,每日热门短视频,#新冠肺炎#我国科学家发现新冠治疗新药并获发明专利，新冠治疗新药千金藤素10μM（微摩尔/升）抑制冠状病毒复制的倍数为15393倍L每日热门短视频的微博视频,,,,新冠肺炎,0,0,0,2022-- ,,,,
4769421996066828,6540337192,i_dyxxxxxx,两个月前的今天，我们正式进入封控，时隔两个月，接到通知，也许明天的核酸就是我妈隔离封控时期最后一次核酸了#上海##上海疫情##新冠肺炎#,,,,"上海,上海疫情,新冠肺炎",0,1,2,2022-- ,,['https://wx4.sinaimg.cn/large/0078CAtyly1h295mdxnwsj33402c04qq.jpg'],,
4769500999714582,1404531484,朱耀忠_JAPAN,"今天日本全国#新冠肺炎#新增感染者→【35,008人】（死亡25人）",,,,新冠肺炎,0,0,1,2022-- ,,['https://wx1.sinaimg.cn/large/53b7731cgy1h29ep71l9pj20xa2x8e7t.jpg'],,
4769487028752870,1809108324,大包整多笼,"截至14/5/2022晚，马来西亚新增2,373宗，全马累计确诊病例达4,475,873宗。信息来源：马来西亚360方位#新冠肺炎##海外疫情##马来西亚疫情#",,,,"新冠肺炎,海外疫情,马来西亚疫情",0,0,2,2022-- ,,"['https://wx4.sinaimg.cn/large/6bd4cd64gy1h29d27oolfj20u011i7c9.jpg', 'https://wx4.sinaimg.cn/large/6bd4cd64gy1h29d2bbublj20u00u00zo.jpg']",,
4769485599543864,7052097416,人民网青海频道,直播|西宁市新冠肺炎疫情防控处置工作指挥部新闻发布会#新冠肺炎#人民网青海频道的微博直播人民网青海频道的直播间,,,,新冠肺炎,0,0,2,2022-- ,,,,
4769485409752299,1403418835,李青大夫,【主动感染新冠会怎么样？34人挑战试验结果发布】去年初，英国开展了一项“疯狂”的研究，选择了34名18～29岁的健康志愿者，没有得过新冠也没有打过疫苗，然后让他们通过鼻腔接触原始新冠病毒。最终，共有18人确诊感染了新冠，占比达到53%。其中，89%的感染者出现了症状，都是轻中度的上呼吸道症状，没有出现肺部症状，没有重症，没有死亡。症状出现时间在检测到病毒感染后2～4天，而且病毒载量与症状严重程度没有相关性。在这些确诊者中，咽拭子最早40小时核酸阳性，鼻拭子最早58小时核酸阳性；咽拭子4.7天病毒载量达到峰值，鼻拭子6.2天达到峰值。此外，快速抗原检测（试剂盒）的检测结果与核酸检测结果基本一致，说明抗原检测也可以用来诊断，并决定是否解除隔离。接触感染后4周已经没有传染性了，但还有33%的人咽拭子核酸阳性。该研究今年2月初由《自然》杂志在线发表。从这项研究，对新冠肺炎的严重程度、传染性和病程等，我们能有一个大致的了解。#新冠肺,,,,新冠肺炎,42,60,158,2022-- ,,['https://wx3.sinaimg.cn/large/53a678d3ly1h29cxxtb3ej20qv0ijdoq.jpg'],,
4769475452209860,7148261081,我是谭皓天,奥密克戎后遗症，调查出炉#热点##新冠肺炎#奥密克戎#L我是谭皓天的微博视频,,上海,,"热点,新冠肺炎 ",5,1,4,2022-- ,,,,
4769452678449761,5029785899,八九点钟的月亮wk69,新增死亡15例国家级医生给出建议：足够休息大量饮水#新冠肺炎#疫情防控##快手#@快手L看看新闻Knews的快手视频,,,快手,新冠肺炎 ,2,1,7,2022-- ,,,,
4769437187836189,1930190715,岑开源,#新冠肺炎#新冠特效药Molnupiravir(莫努匹韦),,,,新冠肺炎,0,9,0,2022-- ,,['https://wx4.sinaimg.cn/large/730c5f7bgy1h297e9mee0j20u01400w3.jpg'],,
4769430829011034,1404531484,朱耀忠_JAPAN,"#日本疫情#今天感染人数【东京:3348】今天5月15日，星期天。东京都的#新冠肺炎#新增感染人数为【3,348】（其中占最多的是20代的755人），重症者4人、死亡7人。PCR检测参考值为3天间的平均数【12,008.3件/天】(5/11-5/13平均值、截止5/14的数值)。东京都感染者的截今累计人数为【1,491,783】L朱耀忠_JAPAN的微博",,,,"日本疫情,新冠肺炎",1,1,4,2022-- ,,,,
4769430480882930,6185411467,每日热门短视频,#新冠肺炎#我国科学家发现新冠治疗新药并获发明专利，新冠治疗新药千金藤素10μM（微摩尔/升）抑制冠状病毒复制的倍数为15393倍L每日热门短视频的微博视频,,,,新冠肺炎,0,0,0,2022-- ,,,,
4769421996066828,6540337192,i_dyxxxxxx,两个月前的今天，我们正式进入封控，时隔两个月，接到通知，也许明天的核酸就是我妈隔离封控时期最后一次核酸了#上海##上海疫情##新冠肺炎#,,,,"上海,上海疫情,新冠肺炎",0,1,2,2022-- ,,['https://wx4.sinaimg.cn/large/0078CAtyly1h295mdxnwsj33402c04qq.jpg'],,
4769416761314838,2807179117,禹王台市场监管,#新冠肺炎##常态化疫情防控##共同守“沪”#全力确保“疫断其路、货畅其流”郑州机场至上海货运直通车试运行《河南日报》（2022年05月15日第01版）本报讯（记者宋敏）5月13日10时许，一辆从上海返郑的货车通过京港澳高速航空港区站防疫检查点，查验相关信息后由专人将车辆引导至专用停车场进行消杀，贴上“点对点闭环运输”凭证后，进入郑州机场国际西货站装卸货，再闭环上高速驶离郑州。记者了解到，为统筹疫情防控和经济发展，河南省物流保通保畅工作领导小组办公室近日出台《郑州机场与上海等地货物运输“直通车”工作方案》，通过建立“直通车”制度，对司乘人员进行闭环管理，实行“即走即解即追”，保障往返郑州机场与上海等高风险区域的货运车辆地面交通顺畅，全力确保“疫断其路、货畅其流”。5月13日，郑州机场至上海货物运输“直通车”机制试运行。试行首日，共有10台卡车报名参与，往返于上海和郑州机场之间。根据流程，货运车辆所属企业需向河南机场集团提交承诺书，保证相关车辆、人员、货物、线路等严格遵守闭环管理相关要求。目前，我省已成立工作专班，将加强培训、协同联动、压实责任，确保郑沪“直通车”运转顺畅，同时及时发现问题、总结经验，加强形势研判，待时机成熟后逐步推,,,,"新冠肺炎,常态化疫情防控,共同守“沪”",0,0,0,2022-- ,,['https://wx3.sinaimg.cn/large/a752276dly1h29526bpqtj20u01uon91.jpg'],,
4769414820134928,5038228065,峰哥论股_ok,#专家称我国最先发现千金藤素抗新冠的效果##医药##新冠肺炎#新冠药明天还得火爆，新的新冠题材，千金藤素，相关概念股周末已霸榜……先知先觉资金已经周五进场拉板，板块继续观察看下周如何发酵。#峰哥论股#,,,,"专家称我国最先发现千金藤素抗新冠的效果,医药,新冠肺炎,峰哥论股",0,0,4,2022-- ,,['https://wx3.sinaimg.cn/large/005uXTgZgy1h294u3ys6hj30j60wu0wu.jpg'],,
4769397325169854,2775892915,中国健康教育官方微博,【新冠肺炎疫情常态化防控防护指南之社区篇】#健康科普##微博健康公开课##新冠肺炎#,,,,"健康科普,微博健康公开课,新冠肺炎",26,2,1,2022-- ,,['https://wx1.sinaimg.cn/large/a574c3b3ly1h292tt0ixuj20j66eq4fq.jpg'],,
4769389318769905,2440900120,菲要暴富,#闲鱼#买东西可要擦亮眼睛，本来是去挂自己二手货的，挂完就首页随便看看给我推送的洗脸巾，都写得美容院不干了清货，我看这行啊买点呗反正要用，一搜#洗脸巾#几家都这么说，我心想这#新冠肺炎##疫情#一来还真都不容易啊，找家买了试试呗。买了一卷600g的今天到货了，结果看物流极兔快递？我就有点儿嘀咕，果然被拦截的信息里有条拼多多的发货消息……这尼玛给他秀的啊！搁着赚我差价呢，五块钱差价。行吧，就当接济你看病挂号钱了！这心眼子那么多活的累不累,,,,"闲鱼,洗脸巾,新冠肺炎,疫情",0,1,0,2022-- ,,,,
4769348436363101,2673559203,南昌经济技术开发区发布,【新冠肺炎疫情常态化防控防护指南之司机篇】#健康科普##微博健康公开课##新冠肺炎#,,,,"健康科普,微博健康公开课,新冠肺炎",10,7,9,2022-- ,,['https://wx2.sinaimg.cn/large/9f5b46a3gy1h2855dd6zvj20j6645nf8.jpg'],,
4769344427393101,2816034622,活够了但又不能死,#新冠肺炎#因为经历寒冬，所以给予温暖。致敬所有的逆行者L小狮子跟他哥的微博视频,,,,新冠肺炎,0,0,1,2022-- ,,,,
4769336902289665,6270098657,蛛网搜奇趣,蛛网搜奇趣朝鲜新增17.44万例发热病例，新增死亡21例。#新冠肺炎##朝鲜##潜龙爆料幽默话题##蛛网搜奇趣##杭州##我的大余杭#L蛛网搜奇趣的微博视频,,,,"新冠肺炎,朝鲜,潜龙爆料幽默话题,蛛网搜奇趣,杭州,我的大余杭",0,0,3,2022-- ,,,,
4769321761637478,6749260881,小松鼠米娅,"#突发#朝鲜报告了290,600例新的疑似冠状病毒病例，新增15例死亡。#朝鲜疫情#朝鲜人口约2.6千万，29万新增，约占总人口的0.11%。朝鲜好象都没打疫苗，好像之前也没多大的疫情，如果是Omicron，它的真实数据应该能显示，是Omicron毒性下降，还是人们免疫力上升，才在欧美非等地症状减轻。#新冠肺",,,,"突发,朝鲜疫情,新冠肺炎",0,1,3,2022-- ,,,,
4769301385448654,3332270632,法兰中国沙龙,【丹东市一居民阴性被JC大白敲门欲予以带走集中隔离，结果令人拍手称快】首先对双方的行为应予以肯定，因为在整个没有出现强制动作倾向，更没有发生肢体冲突，双方都体现了对人最基本的尊重和极大的冷静和克制。不过，必须指出的是，JC大白知法犯法，明明知道在非紧急状态之下不能强行让新冠检测阴性居民前往集中隔离点，还一条又一条地宣布不适用此情形的法律，试图以此击破居民的心理防线，好在居民懂法并敢于依法陈述申辩，据理力争。为这位居民的智慧与勇气点赞！👍希望有更多的执法公务人员能文明执法！希望有更多的人勇于依法维护自身正当权益！希望科学防疫早日回归，疯疯疯的日子早日结束！#关注新冠肺炎##新冠肺炎##聚焦新冠肺炎疫情##新冠疫情#L法兰中国沙龙的微博,,,,"关注新冠肺炎,新冠肺炎,聚焦新冠肺炎疫情,新冠疫情",5,4,5,2022-- ,,,,
4769277205545349,2726417763,宋中清主任律师,肺炎@青流视频【点赞！#北京丰台一街道社工开直播为隔离居民代购#已播7场代买物资近300单】最近，北京丰台区长辛店街道东山坡社区卢西嘉园小区4号楼的居民微信群很热闹，每隔一天，群里都会开展一场“直播带货”。“主播”兼“跑腿儿员”是东山坡社区的工作人员，手机前“点单”的“观众”则是居家隔离的卢西嘉园小区4号楼的居民。据悉，社区工作人员在封管控管理期间共直播了七场，为居民代买各类物资近300单。#新冠肺炎#（北京青年报记者蒲长廷编辑梁天伊）L青流视频的微博,,,青流视频,"北京丰台一街道社工开直播为隔离居民代购,新冠肺炎",1,0,0,2022-- ,,,,
4769271575740850,2726417763,宋中清主任律师,肺炎@北京日报【#北京丰台新增1确诊6阳性轨迹涉医院市场#】据丰台疾控通报，5月13日15时至5月14日15时，丰台区新增新冠确诊病例1例，核酸阳性检测人员6例。#新冠肺炎#轨迹公布如下：确诊病例1：确诊病例的同住人员，现住址：大红门街道海户屯7号楼。平时生活规律，工作日步行上下班。5月5日12:00左右工作单位附近小广场核酸检测点进行核酸采样；19:20左右-20:23福宜街9号院5号楼地下停车场停留；20:40左右从七里庄地铁站乘坐14号线，换乘8号线至海户屯站，21:20左右返回住所，未再外出；5月6日除上下班外，其余时间无外出；5月7日7:10左右海户路北口京八珍旁过街天桥旁边核酸检测点进行核酸采样；5月8日因同住人员涉及重点风险点位，转入集中隔离点。核酸检测阳性人员1：岳各庄市场个体经营人员。现住址：青塔街道岳各庄清洁宿舍6号。平时生活规律，凌晨3点钟步行至岳各庄市场经营绿叶菜摊位，15时左右步行返回住所。5月13日因混采核酸检测阳性，居家未外出。后转入定点医院。核酸检测阳性人员2：岳各庄市场个体经营人员，现住址：青塔街道岳各庄清洁宿舍6号。平时生活规律，凌晨3点钟步行至岳各庄市场经营绿叶菜摊位，一般15时至19时左右自驾到新发地市场周转二区进货。5月9日、10日、11日15:00-19:00新发地周转二区进货；5月12日21:00-23:40新发地周转二区进货；5月13日15:00-19:00新发地周转二区进货；5月14日作为混检阳性人员同住人员，居家未外出。核酸检测阳性人员3：现住址：丰台街道程庄路8号院2号楼。5月9日以来，除在小区核酸检测点进行核酸采样，其余时间无外出。核酸检测阳性人员4：岳各庄市场个体经营人员，现住址：青塔街道岳各庄市场后街平房。平时生活规律，5月9日以来，每日凌晨1:30左右到8:00左右岳各庄市场蔬菜大棚1排15号，日常去居住地马路边的公共卫生间和岳各庄停车场附近公共卫生间上厕所。5月9日8:00左右岳各庄市场内小食品城核酸检测点；5月10日、11日、12日8:00左右岳各庄市场内水果院核酸监测点；5月13日8:00左右岳各庄市场内水果院核酸监测点，核酸后岳各庄6号门馒头店，后到访西库房1号，返回家中作为混检阳性人员，居家未外出。核酸检测阳性人员5：现住址：丰台街道程庄路8号院2号楼1单元。5月9日除晚上前往小区丰巢快递柜取快递，未去其他场所；5月10日9:40-11:40宣武医院心内科、骨科就诊；5月11日11:00左右小区快递柜取快递，其余时间无外出；5月12日14:00-15:00银铃中医医院内科、中医科就诊；5月13日10:30左右小区门口核酸监测点采核酸后居家未外出；5月14日核酸检测阳性，转定点医院。核酸检测阳性人员6：现住址：丰台街道程庄路8号院2号楼4单元。5月9日、10日、12日、13日10:00左右小区核酸检测点进行核酸采样，其他时间未外出；5月11日9:50左右宛平便民综合服务中心购物；13:00左右北方外运机动车检测场核酸检测点进行核酸采样；19:00-20:00天弓高尔夫俱乐部外围散步；5月14日核酸检测阳性后，居家未外出。请与上述活动轨迹有时空交集或接到健康宝弹窗提示的人员，立即主动向所在社区（村）、工作单位、居住酒店报,,,北京日报,"北京丰台新增1确诊6阳性轨迹涉医院市场,新冠肺炎",0,0,0,2022-- ,,['https://wx4.sinaimg.cn/large/a281d563ly1h28odkn76hj20w00dkmz3.jpg'],,
4769179703446985,3332270632,法兰中国沙龙,#美国#美国#美国抗疫八个全球第一#【新闻联播揭示美国八大抗疫真相】美国是全球第一抗疫失败国，全球第一政治甩锅国，全球第一疫情扩散国，全球第一政治撕裂国，全球第一货币滥发国，全球第一疫期动荡国，全球第一虚假信息国，全球第一溯源恐怖主义国。#关注新冠肺炎##新冠肺炎##聚焦新冠肺炎疫情##新冠疫情#L法兰中国沙龙的微博,,,,"美国,美国抗疫八个全球第一,关注新冠肺炎,新冠肺炎,聚焦新冠肺炎疫情,新冠疫情",3,9,20,2022-- ,,,,
4769174251903993,3332270632,法兰中国沙龙,#时事热点#时事热点【余永定教授参加经济论坛，采访时吐槽健康宝弹窗】中国社会科学院世界经济与政治研究所研究员余永定今日（5月14日）参加了2022清华五道口首席经济学家论坛。在采访即将结束时，他说，我不能展开回答你的问题了，我已经连续做了十几天核酸，今天健康宝突然出现了弹窗，我得出去跟他们交涉。随后此言论迅速成为网络热议话题。知名教授能搞明白中国海外资产负债结构、国际收支和国际货币体系，但一个弹窗却把他搞懵了！#关注新冠肺炎##新冠肺炎##聚焦新冠肺炎疫情##新冠疫情#L法兰中国沙龙的微博,,,,"时事热点,关注新冠肺炎,新冠肺炎,聚焦新冠肺炎疫情,新冠疫情",3,2,0,2022-- ,,,,
4769149760835456,2726417763,宋中清主任律师,肺炎@每日经济新闻【#加拿大每10人中至少1人感染新冠#】据央视网报道，根据加拿大政府官方网站13日公布的统计数据，截至目前，加拿大累计新冠确诊病例达3816000多例，超过其人口总数的10%，相当于10个加拿大人中至少有1人感染新冠病毒；累计死亡病例超过40000例，其中，9成以上是60岁及以上死亡病例。#新冠肺炎##20年代新冠大屠杀#（央视网，泽塔）L央视网的微博,,,每日经济新闻,"加拿大每10人中至少1人感染新冠,新冠肺炎,20年代新冠大屠杀",0,0,1,2022-- ,,,,
4769097939945931,1415724087,Bearich2009,检测的下午（二）既然可以很方便的获得48小时，那么还等什么呢？大家下楼做核酸啦！感谢现场医护人员与检测人员！辛苦了！谢谢你们！#爱上这座城##广州##街拍##扫街##旅行##出差##夜色##早安心语##傍晚##纪实摄影##摄影##广州加油##关注新冠肺炎##新冠肺炎##核酸检测##致敬疫情前线医护人员##医护人员##战疫情##战胜疫情##志愿者##战疫英雄##路人##生活##人文##人文摄影##社会百态##市井百态##阳光##晴天##打工人##早安打工人##广州老街巷##广州加油##夏天##夏天该有的样子##完美的夏天##夏天的味道##夏##五月##五月你好##hi五月##你好五月##五月生活碎片##五月的青春#爱上这座城广州街拍广州街拍,,广州·白云大厦,,"爱上这座城,广州,街拍,扫街,旅行,出差,夜色,早安心语,傍晚,纪实摄影,摄影,广州加油,关注新冠肺炎,新冠肺炎,核酸检测,致敬疫情前线医护人员,医护人员,战疫情,战胜疫情,志愿者,战疫英雄,路人,生活,人文,人文摄影,社会百态,市井百态,阳光,晴天,打工人,早安打工人,广州老街巷,夏天,夏天该有的样子,完美的夏天,夏天的味道,夏,五月,五月你好,hi五月,你好五月,五月生活碎片,五月的青春",0,0,0,2022-- ,,"['https://wx3.sinaimg.cn/large/54623c37gy1h284fpxycmj20u0190tiu.jpg', 'https://wx4.sinaimg.cn/large/54623c37gy1h284fsad16j21900u0agz.jpg', 'https://wx2.sinaimg.cn/large/54623c37gy1h284ftgim6j21900u0jyr.jpg', 'https://wx2.sinaimg.cn/large/54623c37gy1h284fuk9ojj20u0190ds3.jpg', 'https://wx3.sinaimg.cn/large/54623c37gy1h284fvm4mpj21900u0dlq.jpg', 'https://wx3.sinaimg.cn/large/54623c37gy1h284fwoyqfj21900u0nc9.jpg', 'https://wx1.sinaimg.cn/large/54623c37gy1h284fxmy5zj21900u0440.jpg', 'https://wx4.sinaimg.cn/large/54623c37gy1h284fyk8pvj21900u0jxd.jpg', 'https://wx2.sinaimg.cn/large/54623c37gy1h284fzl889j21900u07b0.jpg']",,
4769081348326897,1404531484,朱耀忠_JAPAN,"#日本疫情#今天感染人数【东京:3799】今天5月14日，星期六。东京都的#新冠肺炎#新增感染人数为【3,799】（其中占最多的是20代的956人），重症者4人、死亡10人。PCR检测参考值为3天间的平均数【12,008.3件/天】(5/11-5/13平均值、截止5/14的数值)。东京都感染者的截今累计人数为【1,488,435】L朱耀忠_JAPAN的微博",,,,"日本疫情,新冠肺炎",1,2,4,2022-- ,,,,
4769076860158663,3859203387,试管婴儿现代妈妈,四川省新冠病毒感染情况5月13日0时至24时，四川新增本土确诊病例3例（广安2例，其中1例为既往通报的无症状感染者转确诊；宜宾1例，为既往通报的无症状感染者转确诊），新增本土无症状感染者90例（乐山1例，广安89例），无新增境外输入确诊病例，新增境外输入无症状感染者6例（在成都），新增治愈出院病例3例，无新增疑似病例，无新增死亡病例。#新冠肺,,,,新冠肺炎,0,0,0,2022-- ,,,,
4769016219173997,6975650141,整形医生路会,#关注新冠肺炎##专家称我国最先发现千金藤素抗新冠的效果#我国科学家发现新冠治疗新药，并获发明专利授权！《科技日报》报道称，5月10日，我国科学家发现的#新冠肺炎#治疗新药千金藤素，并已获得国家发明专利授权。专利说明书显示，10μM（微摩尔/升）的千金藤素能抑制冠状病毒复制的倍数为15393倍，这意味着很少量的千金藤素就能阻止新冠病毒的扩增和传播！通俗地讲，可以理解为不用千金藤素药物时，如果有15393个病素，在用10微摩尔/升的千金藤素药物的情况下，病毒数将只有1个。传播好消息，为我国奋斗在抗疫前线的科学家、医护人员、志愿者们点,,,,"关注新冠肺炎,专家称我国最先发现千金藤素抗新冠的效果,新冠肺炎",0,0,1,2022-- ,,"['https://wx2.sinaimg.cn/large/007C57g9ly1h27v0r8cihj30ht0b5dhd.jpg', 'https://wx2.sinaimg.cn/large/007C57g9ly1h27v0r7f0cj307g04ygly.jpg', 'https://wx3.sinaimg.cn/large/007C57g9ly1h27v0r7pvyj30ht0hs74d.jpg', 'https://wx4.sinaimg.cn/large/007C57g9ly1h27v0r8el1j30eq0m0dhj.jpg']",,
4769011600458648,2320400157,我可是鲨鱼辣椒啊,🐷👃#口罩#疫情疫情快走开#新冠肺炎#,,北京,,"口罩,新冠肺炎",0,0,0,2022-- ,,['https://wx3.sinaimg.cn/large/8a4e7f1dly1h27uib36isj20mi0u0taz.jpg'],,
4769009066838042,7414766583,思念往事SNWS,#剪辑##音乐##翻唱#时间过得真快，再有1个多月的时间2022的上半年基本就过完了！回首望去我们的收获是多么的“微不足道”。还有就是，疫情还在，而因为疫情我们依然不能正常的生活。奋战在抗疫一线的“大白”们仍然每天坚守岗位！感谢“大白”们的无私奉献，你们辛苦了！把一首喜庆的歌曲送给大家，愿大家在2022财源滚滚，如虎添亿！同时也希望我们的口罩能尽早摘掉，让我们能够畅快呼吸！#抗疫行动##新冠肺炎#L思念往事SNWS的微博,,,,"剪辑,音乐,翻唱,抗疫行动,新冠肺炎",0,0,0,2022-- ,,,,
4768972274406242,7423259622,英国长颈鹿,#英国##英国疫情##新冠肺炎#英国国家统计局(ONS)截至5月7日一周内的最新估计数据显示，英国新冠感染率持续下降，处于2021年12月中旬以来的最低水平——约148万人检测结果呈阳性，为每45人中有1人感染。该数字基于对英国各地家庭，成千上万人的随机检测结果统计得出。英国各地区最新感染率为：英格兰每45人中有1人感染；威尔士每35人中有1人感染；苏格兰每35人中有1人感染；北爱尔兰每55人中有1人感染。英国官方数据显示，因新冠住院的人数也在持续下降，降至约860,,,,"英国,英国疫情,新冠肺炎",0,0,1,2022-- ,,"['https://wx1.sinaimg.cn/large/0086neVUgy1h27q05chchj30qq0nmtbi.jpg', 'https://wx1.sinaimg.cn/large/0086neVUgy1h27q04ukrzj30qq0mujtq.jpg', 'https://wx3.sinaimg.cn/large/0086neVUgy1h27q05y988j32221g3ar4.jpg', 'https://wx1.sinaimg.cn/large/0086neVUgy1h27q06hp90j30r40f9wgh.jpg']",,
4768944533278197,2649336307,全张家口微博,【校园如何防控新冠肺炎疫情？科普挂图来了！】为进一步做好校园新冠肺炎疫情常态化防控健康科普宣传，中国健康教育中心受教育部体育卫生与艺术教育司委托，在国家卫生健康委相关司局及专家的大力支持下，开发制作了《校园新冠肺炎疫情防控健康科普系列挂图》。该系列挂图共7张，主要依据《高等学校、中小学校和托幼机构新冠肺炎疫情防控技术方案（第五版）》等相关权威信息，聚焦在校期间应如何做好个人健康防护，尤其是戴口罩、手卫生、常通风等重点内容。欢迎大家传播使用。#健康科普##微博健康公开课##新冠肺炎#@中国健康教育官方微博@张家口发布（编辑：程淑,,,"中国健康教育官方微博,张家口发布","健康科普,微博健康公开课,新冠肺炎",0,0,0,2022-- ,,"['https://wx2.sinaimg.cn/large/9de9a9f3ly1h27mtlbubej20u0182ah6.jpg', 'https://wx3.sinaimg.cn/large/9de9a9f3ly1h27mtlnzisj20u0182wka.jpg', 'https://wx3.sinaimg.cn/large/9de9a9f3ly1h27mtm6d1oj20u0182wli.jpg', 'https://wx2.sinaimg.cn/large/9de9a9f3ly1h27mtmlbsej20u0182tdv.jpg', 'https://wx1.sinaimg.cn/large/9de9a9f3ly1h27mtmxpj2j20u01827be.jpg', 'https://wx3.sinaimg.cn/large/9de9a9f3ly1h27mtkyexsj20u018279t.jpg', 'https://wx3.sinaimg.cn/large/9de9a9f3ly1h27mtnd9e3j20u0182tf1.jpg']",,
4768915362939013,3136823705,北京市大兴区青云店镇中心卫生院,【新冠肺炎疫情常态化防控防护指南之司机篇】#健康科普##微博健康公开课##新冠肺炎#,,,,"健康科普,微博健康公开课,新冠肺炎",0,0,0,2022-- ,,['https://wx2.sinaimg.cn/large/baf82199ly1h27jh4uf3kj20m070ph35.jpg'],,
4768823578200928,2752993235,林德米,据共同社最新消息，日本厚生劳动省12日发布消息称，抵达成田机场的3名男性感染了新冠病毒奥密克戎毒株的新亚型BA.4和BA.5。报道说，这两种亚型均在南非等地蔓延，在日本国内则是首次发现。共同社称，有估算显示，上述两种亚型在传染性上均强于目前日本国内主要流行的BA.2。日本国立感染症研究所的感染症危机管理研究中心主任斋藤智还表示：这两种亚型“也有充分可能会取代BA.2。”财经#新冠肺,,,,新冠肺炎,0,0,0,2022-- ,,,,
4768789982085364,1444827810,一瓶糨糊,司马南：躺平派这回会彻底闭嘴吗？#新冠肺炎#司马南频道##快手#@快手L司马南频道的快手视频,,,快手,新冠肺炎 ,0,0,0,2022-- ,,,,
4768759246754560,5651674312,Lydia兜兜呀,明白yq期间的各项措施，也看了好多因为yq而见不到自己亲人最后一面的事，我觉得低风险地区可以有两个陪护或者哪怕换人也行。前两天我们楼半夜患者跳楼事件如果当时家属没有累到打盹可能悲剧不会发生。谁能做得到24小时不睡觉啊？而且对于不能下床的病患一个家属怎么够？怎么推床做检查？请的护工都是两三个人一起管理一层楼的病房根本不是一对一。真是没生过病没当过陪护的人想出来的对策#新冠肺炎##疫情##疫情期间亲人住院只留一人陪,,南昌·南昌大学第一附属医院,,"新冠肺炎,疫情,疫情期间亲人住院只留一人陪护",0,3,0,2022-- ,,,,
4768758718270858,6395684983,梦笔生花meng,千金藤素或许我们真的可以消灭新冠了致敬中国科学家#新冠肺炎##千金滕素#,,,,"新冠肺炎,千金滕素",0,0,0,2022-- ,,,,
4768758608694871,2624894014,江苏科技大学,江苏科技大学#健康科普##微博健康公开课##新冠肺炎#【校园新冠肺炎疫情防控健康科普系列挂图发布】为进一步做好校园新冠肺炎疫情常态化防控健康科普宣传，中国健康教育中心受教育部体育卫生与艺术教育司委托，在国家卫生健康委相关司局及专家的大力支持下，开发制作了《校园新冠肺炎疫情防控健康科普系列挂图》。该系列挂图共7张，主要依据《高等学校、中小学校和托幼机构新冠肺炎疫情防控技术方案（第五版）》等相关权威信息，聚焦在校期间应如何做好个人健康防护，尤其是戴口罩、手卫生、常通风等重点内,,,,"健康科普,微博健康公开课,新冠肺炎",0,2,3,2022-- ,,"['https://wx1.sinaimg.cn/large/9c74b43ely1h271erofgaj20u01827be.jpg', 'https://wx3.sinaimg.cn/large/9c74b43ely1h271es491dj20u0182jxe.jpg', 'https://wx3.sinaimg.cn/large/9c74b43ely1h271eskm8cj20u0182q9y.jpg', 'https://wx4.sinaimg.cn/large/9c74b43ely1h271et0zjij20u0182q83.jpg', 'https://wx3.sinaimg.cn/large/9c74b43ely1h271etfqm6j20u018245m.jpg', 'https://wx2.sinaimg.cn/large/9c74b43ely1h271etxgrkj20u0182441.jpg', 'https://wx3.sinaimg.cn/large/9c74b43ely1h271euax1nj20u0182n3h.jpg']",,
4768747842442834,5854725506,金色老花镜2016,司马南：躺平派这回会彻底闭嘴吗？#新冠肺炎#司马南频道##快手#@快手L司马南频道的快手视频,,,快手,新冠肺炎 ,0,0,0,2022-- ,,,,
4768724831174784,3544526691,徐冰医生好孕说,近期有生育计划的夫妇，能不能打新冠疫苗呢？应该什么时间打呢？这是一个令人纠结的问题，2021年，乔杰院士等国内权威的专家们已发表了针对性的专家建议👇👇👇#新冠肺炎##新冠疫苗##生育##科学备孕#,,,,"新冠肺炎,新冠疫苗,生育,科学备孕",0,0,1,2022-- ,,"['https://wx2.sinaimg.cn/large/d3452f63ly1h26muq3eroj24g13c1b1o.jpg', 'https://wx1.sinaimg.cn/large/d3452f63ly1h26muo52d4j24g13c14qp.jpg', 'https://wx3.sinaimg.cn/large/d3452f63ly1h26mum2hqnj24g13c1nmh.jpg']",,
4768715641718605,3978611441,怀特苏,抗疫求助建了一个新冠确诊患者交流群，一起交流下治疗和痊后情况，互助取暖。v：1445392296备注新冠#上海身边事##疫情防控##疫情##关注新冠肺炎##新冠肺炎##新冠病毒##求助##上海疫情#,,,,"上海身边事,疫情防控,疫情,关注新冠肺炎,新冠肺炎,新冠病毒,求助,上海疫情",0,0,0,2022-- ,,,,
4768713235237337,6150579897,梦angell,司马南：躺平派这回会彻底闭嘴吗？#新冠肺炎#司马南频道##快手#@快手L司马南频道的快手视频,,,快手,新冠肺炎 ,0,0,1,2022-- ,,,,
4768700319667325,3081988151,紫崴星雨,司马南：躺平派这回会彻底闭嘴吗？#新冠肺炎#司马南频道##快手#@快手所谓的“躺平”派，其实说白了要么是西方美日韩养在中国境内外的狗，要么就是“慕洋犬”。L司马南频道的快手视频,,,快手,新冠肺炎 ,0,0,0,2022-- ,,,,
4768697992352094,1404531484,朱耀忠_JAPAN,"#日本疫情#今天感染人数【东京:4109】今天5月13日，星期五。东京都的#新冠肺炎#新增感染人数为【4,109】（其中占最多的是20代的1,138人），重症者4人、死亡4人。PCR检测参考值为3天间的平均数【13,210.7件/天】(5/10-5/12平均值、截止5/13的数值)。东京都感染者的截今累计人数为【1,484,636】L朱耀忠_JAPAN的微博",,,,"日本疫情,新冠肺炎",1,1,0,2022-- ,,,,
4768693248330320,5186281812,成都天府国际生物城,【好！消！息！#我国科学家发现新冠治疗新药并获发明专利#】#新冠治疗新药千金藤素#5月10日，我国科学家发现的新冠治疗新药获得国家发明专利授权。专利说明书显示，10μM（微摩尔/升）的千金藤素抑制冠状病毒复制的倍数为15393倍。专利的发明人北京化工大学生命科学与技术学院院长童贻刚教授解释称，可以理解为不用千金藤素药物时如果有15393个病毒，那么在用10μM千金藤素药物的情况下，病毒数将只有1个。也就是说，很少量的千金藤素就能阻止新冠病毒扩增和传播。从目前的研究数据看，该药物抑制新冠病毒的能力在所有人类发现的新冠病毒抑制剂中排名靠前。美国学者此前也在《科学》发表论文证实，千金藤素的数据在其研究的26种药物中数据亮眼，而且优于已经获批上市的瑞德西韦和帕罗韦德。#新冠肺,,,,"我国科学家发现新冠治疗新药并获发明专利,新冠治疗新药千金藤素,新冠肺炎",0,0,0,2022-- ,,['https://wx3.sinaimg.cn/large/005EZ6OEly1h26tys3yt5j30es0lhmzh.jpg'],,
4768690861769905,6474973436,拍片保,疫情重燃全国大半沦陷！剧组拍摄该怎么防范风险？#剧组##拍戏##新冠肺炎##新冠保险#L拍片保的微博视频,,,,"剧组,拍戏,新冠肺炎,新冠保险",0,0,0,2022-- ,,,,
4768687598603562,3672411083,方外观者_,奥密克戎毒性变弱。这个说法，被美国13万例病历研究推翻。司马南：躺平派这回会彻底闭嘴吗？#新冠肺炎#司马南频道##快手#@快手L司马南频道的快手视频,,,快手,新冠肺炎 ,1,0,0,2022-- ,,,,
4768682720888142,1265518314,永平法硕李志勇学长,《科技日报》：5月10日，我国科学家发现的新冠治疗新药（#千金藤素#）获得国家发明专利授权（专利证书见附图）。权利说明书显示，10μM（微摩尔/升）的千金藤素抑制#冠状病毒#复制的倍数为15393倍。发明人童贻刚教授表示：从目前的研究数据看，该药物抑制新冠病毒的能力在所有人类发现的新冠病毒抑制剂中排名靠前。目前，已经有加拿大的一家医药企业已与美国FDA接洽开展千金藤素的#新冠肺炎#治疗的临床试验研究，预计该临床试验将在今年下半年正式启,,,,"千金藤素,冠状病毒,新冠肺炎",4,1,1,2022-- ,,"['https://wx1.sinaimg.cn/large/4b6e46ealy1h26smbdf0rj20eq0m0mzd.jpg', 'https://wx1.sinaimg.cn/large/4b6e46ealy1h26sr9eg8vj20oj0fq0tk.jpg']",,
4768664005381171,7751589924,众智云擎,【#若中国选择躺平半年或致150万人死亡#】#新冠肺炎#近年来，国家出台了许多有关于新冠肺炎的税收优惠政策，收录在众智云擎平台的项目中，新冠肺炎的各税种在项目类别中也是很靠前的，总计高达1435条，可以说国家在扶持企业和帮扶百姓的路上做出了许多努力，国家不容易，人民也不容易。如果感兴趣，可以在平台进行搜索：电脑端：众智云擎官网手机端：关注公众号【众智云擎税法检索】，点击菜单栏-移动云擎，登录后即可进行查,,,,"若中国选择躺平半年或致150万人死亡,新冠肺炎",0,0,3,2022-- ,,"['https://wx1.sinaimg.cn/large/008sASDWly1h26qigzo1fj309r0eigov.jpg', 'https://wx2.sinaimg.cn/large/008sASDWly1h26qiau98wj30ku112dpq.jpg']",,
4768645644031687,2331169865,国际金融论坛,2022年#新冠肺炎#疫情在全球范围内持续肆虐、#俄乌冲突#爆发对国际金融、能源、粮食以及全球供应链造成始料不及的巨大冲击，全球性通胀和新兴市场债务问题的警钟接连敲响，经济衰退的灰犀牛轰然而至。IMF在最新报告中预计，2022年全球经济增速将大幅放缓，经济前景恶化。面对众多冲击和不确定性，各国如何加以应对？@经济参考报记者近日专访了国际金融论坛（IFF）副理事长、@国际货币基金组织（IMF）前秘书长林建海。O全球经济连受冲击不确定性,,,"经济参考报,国际货币基金组织",新冠肺炎,0,0,0,2022-- ,,['https://wx1.sinaimg.cn/large/8af2d449ly1h26oa156f8j21900u0dka.jpg'],,
4752140889756804,2835094517,我叫杨梦迪,离的最近的一次。#新冠肺炎#,,伊春,,新冠肺炎,0,0,0,2022-- ,,['https://wx3.sinaimg.cn/large/a8fc1bf5ly1h0q0x0685ij22ds1sc4ob.jpg'],,
4752139911955286,1470407485,男科医生王古道,【抗原检测是否能代替核酸检测？专家这样说】O抗原检测是否能代替核酸检测？专家这样说→#抗原检测##核酸检测##新冠病毒##新冠肺炎##疫情防控#,,,,"抗原检测,核酸检测,新冠病毒,新冠肺炎,疫情防控",0,0,0,2022-- ,,['https://wx4.sinaimg.cn/large/57a4a33dly8h0q0ubfcosj20fa08lq43.jpg'],,
4752138288762506,1599085400,lpts06白鹤舞飞扬,#新冠肺炎#香港疫情控制的这么糟糕，感染新冠肺炎的数量不断攀升，学习西方资本主义躺平就是错误，最终倒霉的还是普通老百姓！,,,,新冠肺炎,1,1,0,2022-- ,,,,
4752136506185154,1766477765,俄罗斯人民友谊大学,俄罗斯疫情形势播报（3月28日）O网页链接欲知详情，请点击上方链接~关注俄罗斯人民友谊大学官微，及时浏览俄罗斯疫情形势数据~#俄罗斯##疫情防控##卫星五号##新冠肺炎##全球拉响新冠肺炎警报#俄罗斯人民友谊大学,,俄罗斯联邦·莫斯科,,"俄罗斯,疫情防控,卫星五号,新冠肺炎,全球拉响新冠肺炎警报",0,0,2,2022-- ,,"['https://wx4.sinaimg.cn/large/694a4fc5ly1h0q0g0sya6j209l05hjs4.jpg', 'https://wx4.sinaimg.cn/large/694a4fc5ly1h0q0g3ix2pj20ls0ergmh.jpg', 'https://wx2.sinaimg.cn/large/694a4fc5ly1h0q0g5ws5pj20j00g8grn.jpg', 'https://wx4.sinaimg.cn/large/694a4fc5ly1h0q0g86raqj20is099jwf.jpg']",,
4752125635071874,3194939830,想养只柯基柯基呀,真的是芭比Q了#新冠肺炎#,,,,新冠肺炎,0,0,0,2022-- ,,"['https://wx1.sinaimg.cn/large/be6ee9b6gy1h0pz6gct47j23402c0u10.jpg', 'https://wx4.sinaimg.cn/large/be6ee9b6gy1h0pz6i7lglj23402c0x6q.jpg']",,
4752114343219557,1432334984,karlwei,根据美国CDC的数据，2020年美国死亡338万人，2019年死亡285万人，2018年死亡284万人，2020年美国因新冠死亡36万人，说明有338-285-36-1=16万美国人在2020年要么因为医疗超负荷得不到救治死亡，要么因为新冠导致贫困饿死，这超额死亡的16万人在美国媒体上不见一丝波澜，在高华眼中也好像从来不存在一样。#新冠肺,,,,新冠肺炎,1,0,1,2022-- ,,,,
4752095574234588,6342559064,洁洁耶佳人,谁能拒绝下班后做一次核酸呢#新冠肺炎##核酸检测#L洁洁耶佳人的微博视频,,,,"新冠肺炎,核酸检测",0,0,0,2022-- ,,,,
4752073885227517,1761803170,枕梦无眠,#新冠肺炎##马鞍山疫情#逐步解封+1,,马鞍山·马钢姑山矿业有限责任公司,,"新冠肺炎,马鞍山疫情",0,4,0,2022-- ,,['https://wx1.sinaimg.cn/large/6902fba2ly1h0pt86qfwlj20u02stana.jpg'],,
4752066662107764,1750559371,--生活--在别处--,以往喧闹的街道#新冠肺炎#L--生活--在别处--的微博视频,,铜陵·胖鱼头(石城路店),,新冠肺炎,1,2,1,2022-- ,,,,
